,x1,x2,x_prot,s_real,T_u,step
577529,-0.917339795749105,-0.018861661672403773,1.0,-0.46810072871075437,78.0,799.0
577530,-0.6012852679747942,-0.8613599369598015,0.0,-0.7313226024672979,67.0,799.0
577531,-0.5186033378130224,-1.085512723939534,0.0,-0.8020580308762781,66.0,799.0
577532,-0.984516288445479,0.3056434915505226,1.0,-0.3394363984474782,60.0,799.0
577533,-0.44444472157050324,-0.9676484440364839,0.0,-0.7060465828034935,58.0,799.0
577534,-0.2689670112410057,-1.4368616904708515,0.0,-0.8529143508559286,57.0,799.0
577535,-0.6434929947994632,-0.7044175192853135,0.0,-0.6739552570423883,50.0,799.0
577536,-0.9801649473862558,-0.09837071731109337,1.0,-0.5392678323486746,45.0,799.0
577537,-0.6408216412025477,-0.8021995806067186,0.0,-0.7215106109046332,73.0,799.0
577538,-0.9334052047688446,-0.001817823169341204,1.0,-0.4676115139690929,43.0,799.0
577539,0.09949890427268898,-1.1754531295791537,0.0,-0.5379771126532323,38.0,799.0
577540,-0.7913987484009813,0.2276815975262826,1.0,-0.2818585754373494,38.0,799.0
577541,-0.33501432827520816,-1.0344894355713243,0.0,-0.6847518819232663,38.0,799.0
577542,-0.9297184469772595,0.1547694659511425,1.0,-0.3874744905130585,37.0,799.0
577543,-0.6185164307771831,-0.16228345043299397,1.0,-0.39039994060508854,36.0,799.0
577544,-0.08287287579124099,-1.2473754279581475,0.0,-0.6651241518746942,35.0,799.0
577545,-0.9934250420909911,0.3608225780068074,1.0,-0.3163012320420919,44.0,799.0
577546,-0.39915466887857826,-0.6922272659916617,0.0,-0.54569096743512,32.0,799.0
577547,-0.40683662419982697,-0.019033530167419044,1.0,-0.212935077183623,31.0,799.0
577548,-0.18871012385577288,-0.13061655639933445,1.0,-0.15966334012755368,31.0,799.0
577549,-0.9664807777884583,0.4778865628176762,1.0,-0.24429710748539105,78.0,799.0
577550,-0.6346659672407738,-0.7846780493005995,0.0,-0.7096720082706867,78.0,799.0
577551,-0.8045621855376468,0.12130317698463305,1.0,-0.34162950427650685,30.0,799.0
577552,-0.5700552662600112,-0.4814394858905664,1.0,-0.5257473760752889,30.0,799.0
577553,-0.401865009463594,-0.36450505435913816,1.0,-0.3831850319113661,29.0,799.0
577554,-0.5852499948187853,-0.5246080782471804,0.0,-0.5549290365329829,28.0,799.0
577555,-0.7501054984672005,-0.1502326625089463,1.0,-0.4501690804880734,28.0,799.0
577556,-0.7908822210540972,0.6756120295612288,1.0,-0.05763509574643422,27.0,799.0
577557,-0.7720960458631695,0.05415006961573343,1.0,-0.35897298812371803,20.0,799.0
577558,-0.6281617519437221,-0.621263688176134,0.0,-0.6247127200599281,20.0,799.0
577559,-0.6470846188184165,-0.5227214202330435,0.0,-0.58490301952573,25.0,799.0
577560,-0.2576765778217612,-1.0563477235407515,0.0,-0.6570121506812563,19.0,799.0
577561,-0.7798428339947664,0.007316778888589948,1.0,-0.3862630275530882,19.0,799.0
577562,-0.6620276190592418,-0.21629405239251298,1.0,-0.4391608357258774,19.0,799.0
577563,-0.6246625025180037,-0.5145361749907098,0.0,-0.5695993387543568,71.0,799.0
577564,-0.6432363326245119,-0.5098173833553065,0.0,-0.5765268579899092,24.0,799.0
577565,-0.15834663824306966,-1.156276730394609,0.0,-0.6573116843188394,17.0,799.0
577566,-0.9629502528792824,0.32649964669071263,1.0,-0.3182253030942849,87.0,799.0
577567,-0.6412264595432918,-1.1057413323381173,0.0,-0.8734838959407045,57.0,799.0
577568,-0.8469938125774863,-0.03173376736071942,1.0,-0.43936378996910286,15.0,799.0
577569,-0.9733525212574137,0.667916322162817,1.0,-0.1527180995472983,80.0,799.0
577570,-0.9870698850690348,0.24119651329092048,1.0,-0.37293668588905715,56.0,799.0
577571,-0.67586892414083,0.00894880673601589,1.0,-0.333460058702407,14.0,799.0
577572,0.17296300925231778,-1.0500548226859312,0.0,-0.4385459067168067,14.0,799.0
577573,-0.8929147260179011,-0.04281808686016264,1.0,-0.4678664064390319,13.0,799.0
577574,-0.6477436065392871,-0.21355880298341023,0.0,-0.43065120476134866,13.0,799.0
577575,0.1534398977406788,-0.45956474129316494,1.0,-0.15306242177624307,13.0,799.0
577576,-0.630453061331946,-0.5453886522260265,0.0,-0.5879208567789862,66.0,799.0
577577,-0.9853782806194247,0.5735852634660428,1.0,-0.20589650857669095,24.0,799.0
577578,-0.8444259663786415,0.26092862199029127,1.0,-0.2917486721941751,12.0,799.0
577579,-0.6222481402228145,-0.688585311919018,0.0,-0.6554167260709163,12.0,799.0
577580,-0.5638898271379249,-0.3670778704013564,0.0,-0.46548384876964066,12.0,799.0
577581,-0.1180237735462028,-1.1220875262046541,0.0,-0.6200556498754285,12.0,799.0
577582,-0.9928302194806937,0.24300379648005974,1.0,-0.374913211500317,89.0,799.0
577583,-0.9715722190036873,0.6184286550924257,1.0,-0.17657178195563078,59.0,799.0
577584,-0.6344293592766842,-0.6480128417939235,0.0,-0.6412211005353039,17.0,799.0
577585,-0.48287676361983084,-1.1307551314054756,0.0,-0.8068159475126532,11.0,799.0
577586,-0.6482985299125682,-0.387940255824028,0.0,-0.5181193928682981,100.0,799.0
577587,-0.9647546324722003,0.39620892890229376,1.0,-0.28427285178495326,58.0,799.0
577588,-0.6302644084787484,-0.2708358674865061,0.0,-0.4505501379826273,28.0,799.0
577589,-0.46628623713096534,0.11698445249013983,1.0,-0.17465089232041275,10.0,799.0
577590,-0.6309390112756039,-0.6167242034948595,0.0,-0.6238316073852317,63.0,799.0
577591,-0.6408571877060709,-0.5027760374614467,0.0,-0.5718166125837588,21.0,799.0
577592,-0.5351844013013973,0.5845025196591298,1.0,0.02465905917886624,9.0,799.0
577593,0.09707747913099923,-1.1044813067078303,0.0,-0.5037019137884156,9.0,799.0
577594,-0.1800104278145405,-0.6714872134151872,0.0,-0.42574882061486385,9.0,799.0
577595,-0.07813886035000675,-0.42670506266314845,0.0,-0.2524219615065776,9.0,799.0
577596,-0.6346893045086566,-0.10879836279059098,0.0,-0.37174383364962377,92.0,799.0
577597,-0.6298056473861546,-0.1732719348048893,0.0,-0.401538791095522,74.0,799.0
577598,-0.9799469213898259,0.05359899892629111,1.0,-0.46317396123176735,62.0,799.0
577599,-0.9733822207930712,0.6328179123436463,1.0,-0.1702821542247125,44.0,799.0
577600,-0.11497728026361675,-0.928024984620968,0.0,-0.5215011324422925,8.0,799.0
577601,-0.9610162644994439,0.5724280574272723,1.0,-0.19429410353608578,37.0,799.0
577602,-0.06240858419025001,-0.1517727723923743,1.0,-0.10709067829131216,7.0,799.0
577603,0.6801057804968592,-1.0597247548105961,0.0,-0.18980948715686846,7.0,799.0
577604,-0.1366600405415742,-0.40342596944310605,0.0,-0.27004300499234013,7.0,799.0
577605,-0.2990636557484663,-0.5069577390150521,0.0,-0.4030106973817592,7.0,799.0
577606,0.22054786935471662,-0.1716845536830004,1.0,0.024431657835858114,7.0,799.0
577607,-0.7815683481551606,0.8258704525369067,1.0,0.022151052190873044,7.0,799.0
577608,-0.29207382770099877,0.20729139650884287,1.0,-0.04239121559607795,7.0,799.0
577609,0.11286321875685562,-1.1967544789474418,0.0,-0.5419456300952931,7.0,799.0
577610,-0.6335296501164627,-0.24750882581167075,0.0,-0.4405192379640667,48.0,799.0
577611,-0.6271418833442755,-0.9190348863147607,0.0,-0.773088384829518,30.0,799.0
577612,0.31925310179763605,-0.9233535945617316,0.0,-0.3020502463820478,6.0,799.0
577613,0.11525530591412361,-0.054219343675442455,1.0,0.03051798111934058,6.0,799.0
577614,0.35938217739032785,-0.09874697976804869,1.0,0.13031759881113958,6.0,799.0
577615,-0.21928000660535024,0.28752931667755854,1.0,0.03412465503610415,6.0,799.0
577616,-0.6971235732576669,-0.13839165915948137,1.0,-0.41775761620857416,6.0,799.0
577617,-0.7815178603609085,0.7482123830165254,1.0,-0.01665273867219158,6.0,799.0
577618,-0.4062059976097201,-0.668965044735111,0.0,-0.5375855211724155,6.0,799.0
577619,-0.9896695947361777,0.5942569671044162,1.0,-0.19770631381588072,6.0,799.0
577620,-0.5048662349329186,-0.987605198324089,0.0,-0.7462357166285039,6.0,799.0
577621,-0.6224686053460392,-0.6517530563662115,0.0,-0.6371108308561253,6.0,799.0
577622,-0.45507235922500944,-0.7579913374827774,0.0,-0.6065318483538934,6.0,799.0
577623,-0.6213267046600724,-0.4688212889615385,0.0,-0.5450739968108055,58.0,799.0
577624,-0.26332600118136673,-0.28129043089659184,0.0,-0.27230821603897926,5.0,799.0
577625,-0.6799146155820249,0.01596585167328579,1.0,-0.33197438195436957,5.0,799.0
577626,-0.19209268148450084,-0.9133688613087914,0.0,-0.5527307713966461,5.0,799.0
577627,-0.9851785375218464,0.480053921118054,1.0,-0.2525623082018962,5.0,799.0
577628,-0.4393375952071168,0.026060722513958245,1.0,-0.20663843634657927,5.0,799.0
577629,-0.017130262724576666,-1.1379878493750375,0.0,-0.5775590560498071,5.0,799.0
577630,-0.5287085498763129,0.4077824135567427,1.0,-0.06046306815978508,5.0,799.0
577631,-0.6458330705013298,-0.3910043659823168,0.0,-0.5184187182418233,58.0,799.0
577632,-0.9774480136887476,0.524408275369136,1.0,-0.22651986915980576,34.0,799.0
577633,-0.6459863933450682,-0.45868393205953517,0.0,-0.5523351627023017,28.0,799.0
577634,-0.9622138335190856,-0.11264220202029963,1.0,-0.5374280177696926,22.0,799.0
577635,0.24304174949213325,0.6416894798624833,1.0,0.4423656146773083,4.0,799.0
577636,-0.20970195336802944,-0.8010513805638292,0.0,-0.5053766669659293,4.0,799.0
577637,-0.760079748682623,0.1730829411041902,1.0,-0.2934984037892164,4.0,799.0
577638,0.11205239001140581,0.19628272954665266,1.0,0.15416755977902924,4.0,799.0
577639,-0.07092539334141405,-0.92329667474355,0.0,-0.497111034042482,4.0,799.0
577640,-0.3540823759533819,0.4747575454617236,1.0,0.060337584754170864,4.0,799.0
577641,-0.7407662068407694,0.8541768432056207,1.0,0.056705318182425635,4.0,799.0
577642,-0.356575111440546,-0.5404140913089028,0.0,-0.4484946013747244,4.0,799.0
577643,-0.3030752408170195,-0.41798631001977027,0.0,-0.36053077541839484,4.0,799.0
577644,-0.8993682183137669,0.6713520821787471,1.0,-0.1140080680675099,4.0,799.0
577645,-0.6325837711704315,-0.7545573653692228,0.0,-0.6935705682698272,75.0,799.0
577646,-0.6210781109973119,-0.4887035356385233,0.0,-0.5548908233179176,51.0,799.0
577647,-0.648641002258001,-0.0783564113728946,0.0,-0.3634987068154478,15.0,799.0
577648,-0.6435856319752489,-0.04084792038699909,0.0,-0.342216776181124,15.0,799.0
577649,-0.9701520847085319,0.31348017226494024,1.0,-0.3283359562217958,9.0,799.0
577650,-0.7722846572685621,1.0756216341972018,1.0,0.15166848846431985,3.0,799.0
577651,-0.11202666849181171,0.5843974735247351,1.0,0.23618540251646172,3.0,799.0
577652,-0.3977483030482918,-0.9284077116421992,0.0,-0.6630780073452455,3.0,799.0
577653,0.0988648523082754,-0.8058905585465053,0.0,-0.35351285311911496,3.0,799.0
577654,-0.43756096001963213,0.4986644614303822,1.0,0.030551750705375025,3.0,799.0
577655,0.23767731064166137,-0.3148527171088511,1.0,-0.03858770323359487,3.0,799.0
577656,0.45925914815796104,-0.9135451356903501,0.0,-0.22714299376619454,3.0,799.0
577657,0.37690380430459997,-0.22928893280777762,1.0,0.07380743574841117,3.0,799.0
577658,-0.4068782454432133,-0.1211498271159197,1.0,-0.26401403627956654,3.0,799.0
577659,-0.7016963961341408,0.41451169327478793,1.0,-0.14359235142967644,3.0,799.0
577660,-0.09772742223907055,-1.2472166898452264,0.0,-0.6724720560421484,3.0,799.0
577661,-0.07376811257573719,0.5125952879686452,1.0,0.219413587696454,3.0,799.0
577662,-0.3207880994420294,-0.5699342610417469,0.0,-0.4453611802418882,3.0,799.0
577663,-0.5673858228886003,0.32870546450539995,1.0,-0.11934017919160017,3.0,799.0
577664,-0.004511172553284032,-0.6140081129466293,0.0,-0.30925964274995665,3.0,799.0
577665,-0.44325063459363956,0.6193515349175779,1.0,0.08805045016196916,3.0,799.0
577666,-0.1573021704511626,-0.6577481029561936,0.0,-0.40752513670367807,3.0,799.0
577667,-0.07949666854860632,0.3963947455679543,1.0,0.15844903850967398,3.0,799.0
577668,0.4613723097855087,-0.33206371966095294,1.0,0.06465429506227788,3.0,799.0
577669,-0.6380539570968133,-0.21216554494881545,0.0,-0.4251097510228144,56.0,799.0
577670,-0.993106737703768,0.6680763783693103,1.0,-0.16251517966722884,56.0,799.0
577671,-0.9824284924326817,0.9080866842375815,1.0,-0.037170904097550084,8.0,799.0
577672,0.02858679974150865,-0.7635838919310287,0.0,-0.36749854609476,2.0,799.0
577673,-0.8271965265050684,0.12414077694230585,1.0,-0.35152787478138126,2.0,799.0
577674,1.1536510056772826,-0.9053562862226048,0.0,0.12414735972733892,2.0,799.0
577675,0.11555858330969014,-0.3665104778133632,1.0,-0.12547594725183653,2.0,799.0
577676,0.6129283497202082,-1.173839343715188,0.0,-0.2804554969974899,2.0,799.0
577677,0.1806919817617302,-0.4823027892319201,0.0,-0.15080540373509493,2.0,799.0
577678,0.10903992882965034,0.019727998820848414,1.0,0.06438396382524939,2.0,799.0
577679,-0.9350737853500324,0.5387731078515771,1.0,-0.19815033874922766,2.0,799.0
577680,-0.5464858496715671,0.6234203599096587,1.0,0.03846725511904581,2.0,799.0
577681,0.1517048216578268,-0.6983793795504599,0.0,-0.27333727894631654,2.0,799.0
577682,0.47141880056938934,-0.6859064443058837,0.0,-0.10724382186824716,2.0,799.0
577683,0.5102235358829303,-0.8672151963739342,0.0,-0.17849583024550192,2.0,799.0
577684,0.09220626104481469,-0.6321258657278674,0.0,-0.2699598023415264,2.0,799.0
577685,0.21649953526784632,0.027115389687487168,1.0,0.12180746247766674,2.0,799.0
577686,-0.003908315518773787,0.2318106162655018,1.0,0.11395115037336401,2.0,799.0
577687,0.2632670197886743,0.18848184370515247,1.0,0.22587443174691338,2.0,799.0
577688,-0.2722425427420012,-0.6781834335940085,0.0,-0.47521298816800484,2.0,799.0
577689,-0.15386627855442325,-0.7703790976147252,0.0,-0.46212268808457424,2.0,799.0
577690,0.11152169002187215,-1.1105788971294266,0.0,-0.4995286035537772,2.0,799.0
577691,0.3673235253143282,-0.06191140686031349,0.0,0.15270605922700736,2.0,799.0
577692,0.0411549774654092,-1.0286649388961635,0.0,-0.49375498071537716,2.0,799.0
577693,-0.6307084856280092,-0.5449773743319075,0.0,-0.5878429299799584,2.0,799.0
577694,-0.14956765553640378,-0.5094740534661233,0.0,-0.32952085450126356,2.0,799.0
577695,0.06216187049718433,-0.4942336770006542,0.0,-0.21603590325173494,2.0,799.0
577696,-0.7294612077204669,0.7319752762652006,1.0,0.001257034272366897,2.0,799.0
577697,0.10852944722142761,-0.6807953983623579,0.0,-0.28613297557046513,2.0,799.0
577698,-0.7266820130027872,0.9049129771663518,1.0,0.08911548208178227,2.0,799.0
577699,0.7187369656552133,-1.0440253403199513,0.0,-0.16264418733236902,2.0,799.0
577700,0.021119585597375253,-0.7799546585093182,0.0,-0.3794175364559715,2.0,799.0
577701,0.30656630248236943,0.3051364796651837,1.0,0.30585139107377657,2.0,799.0
577702,0.3061454796965359,0.1334737013013959,1.0,0.2198095904989659,2.0,799.0
577703,-0.2338498645123421,-0.842888427077944,0.0,-0.5383691457951431,2.0,799.0
577704,-0.4982201510517394,-0.331969064905663,0.0,-0.41509460797870124,2.0,799.0
577705,0.6791510121833594,-0.16427532550515767,1.0,0.25743784333910086,2.0,799.0
577706,0.5680802622397868,-1.047557622748874,0.0,-0.23973868025454365,2.0,799.0
577707,-0.2815874889213837,0.223872907288655,1.0,-0.028857290816364345,2.0,799.0
577708,-0.6346762343033217,-0.5439421217422137,0.0,-0.5893091780227677,79.0,799.0
577709,-0.6487493359746523,-0.5036574684423296,0.0,-0.576203402208491,49.0,799.0
577710,-0.6493909501463201,-0.1864433823223084,0.0,-0.41791716623431424,19.0,799.0
577711,-0.23294444664517955,-0.9367064596828028,0.0,-0.5848254531639911,1.0,799.0
577712,0.22651253224070841,0.3332980723764586,1.0,0.2799053023085835,1.0,799.0
577713,0.30266924380881427,0.4758298521746534,1.0,0.38924954799173384,1.0,799.0
577714,-0.2712018493588418,0.14804176272372316,0.0,-0.06158004331755931,1.0,799.0
577715,0.20806118665258008,0.7722954919737091,1.0,0.4901783393131446,1.0,799.0
577716,0.29485057621161553,-0.27467965463276567,0.0,0.010085460789424933,1.0,799.0
577717,1.3581094073629014,-0.6316876987076142,0.0,0.3632108543276436,1.0,799.0
577718,0.10709200343984944,0.5437971771637726,1.0,0.32544459030181105,1.0,799.0
577719,0.44630913827279406,-0.5304434113765113,0.0,-0.04206713655185862,1.0,799.0
577720,-0.19801916470119635,0.7893234794329537,1.0,0.2956521573658787,1.0,799.0
577721,-0.0882822201739786,0.3357585658055756,1.0,0.1237381728157985,1.0,799.0
577722,-0.6419272042120673,1.2041776325333917,1.0,0.2811252141606622,1.0,799.0
577723,0.46735090837463267,0.2431111194507462,1.0,0.3552310139126894,1.0,799.0
577724,0.3179844519783757,0.27462765649732895,1.0,0.29630605423785233,1.0,799.0
577725,0.5218479629867958,-0.9844275116442808,0.0,-0.23128977432874248,1.0,799.0
577726,1.4862929091230401,-0.8432829328933609,0.0,0.32150498811483963,1.0,799.0
577727,1.02981256448657,0.14684601843246647,1.0,0.5883292914595183,1.0,799.0
577728,-0.04044674283746098,-0.29555233882169396,0.0,-0.16799954082957747,1.0,799.0
577729,-0.15885359579603023,-0.6982043967647048,0.0,-0.4285289962803675,1.0,799.0
577730,-0.6614193701236879,-0.045552865139438126,1.0,-0.353486117631563,1.0,799.0
577731,0.6408807724013519,-0.570579004735955,0.0,0.03515088383269843,1.0,799.0
577732,-0.6298531017117265,0.6772060425390554,1.0,0.02367647041366444,1.0,799.0
577733,0.035080479946158157,-0.3350605866981623,0.0,-0.14999005337600207,1.0,799.0
577734,-0.36442645517842376,-0.38886229648411375,0.0,-0.37664437583126875,1.0,799.0
577735,-0.44210251963903174,-0.6500320465796202,0.0,-0.546067283109326,1.0,799.0
577736,0.8004595189756425,-0.2786262301502482,0.0,0.26091664441269713,1.0,799.0
577737,-0.3057133407481739,-0.47915997874363997,0.0,-0.3924366597459069,1.0,799.0
577738,-0.3054799056638401,0.1533887177363708,1.0,-0.07604559396373464,1.0,799.0
577739,0.24319032006372646,-0.5710419399112746,0.0,-0.1639258099237741,1.0,799.0
577740,-0.6672536273220061,1.4848598752992892,1.0,0.40880312398864155,1.0,799.0
577741,1.500006119040633,-0.20368247139867746,1.0,0.6481618238209779,1.0,799.0
577742,-0.302507651062338,0.9005938754030569,1.0,0.29904311217035945,1.0,799.0
577743,-0.5591155171123361,-0.61693952071177,0.0,-0.5880275189120531,1.0,799.0
577744,-0.7956108021611956,0.9560391944948827,1.0,0.08021419616684355,1.0,799.0
577745,-0.19465996112710676,-0.15774435998153213,0.0,-0.17620216055431945,1.0,799.0
577746,0.04532277953241615,0.4606478024300799,1.0,0.25298529098124806,1.0,799.0
577747,-0.19532506995933946,0.08557055636069277,0.0,-0.05487725679932334,1.0,799.0
577748,-0.44796709961650805,0.6594308222106927,1.0,0.10573186129709233,1.0,799.0
577749,0.3207962018235212,0.8479184383234832,1.0,0.5843573200735022,1.0,799.0
577750,-0.3705687669104649,-0.14665890925907316,0.0,-0.258613838084769,1.0,799.0
577751,0.7295165567573386,-0.6521993237901397,0.0,0.03865861648359947,1.0,799.0
577752,0.2904926620328477,-0.26380908114558366,0.0,0.013341790443632012,1.0,799.0
577753,0.5716853407812093,0.05704643140071691,1.0,0.31436588609096305,1.0,799.0
577754,-0.297659625816063,0.6546828670656466,1.0,0.1785116206247918,1.0,799.0
577755,-0.2159491332694881,-0.09607975349622927,0.0,-0.1560144433828587,1.0,799.0
577756,0.3115471957495387,0.37935105720155315,1.0,0.34544912647554593,1.0,799.0
577757,0.1591886505120814,0.9610181030217404,1.0,0.5601033767669109,1.0,799.0
577758,0.7741949758762672,-0.6801668009713286,0.0,0.047014087452469266,1.0,799.0
577759,-0.22539136256182538,-0.0014405120971282548,1.0,-0.11341593732947682,1.0,799.0
577760,1.0933389452239437,-0.8702216640379545,0.0,0.11155864059299458,1.0,799.0
577761,0.05446336690112384,0.5783403231846072,1.0,0.3164018450428655,1.0,799.0
577762,-0.5132369716163016,0.0805983757424924,0.0,-0.21631929793690458,1.0,799.0
577763,-0.4239591788104664,-0.11294386314451582,0.0,-0.26845152097749114,1.0,799.0
577764,1.029658409673681,0.11868971425535346,1.0,0.5741740619645173,1.0,799.0
577765,0.9741344651698662,-0.9661005357597374,0.0,0.0040169647050644075,1.0,799.0
577766,0.8094933925186837,-0.34158169466129196,1.0,0.23395584892869586,1.0,799.0
577767,0.5440195829395874,0.9972435052529516,1.0,0.7706315440962694,1.0,799.0
577768,0.20736838644703973,-0.2603474309721312,1.0,-0.026489522262545737,1.0,799.0
577769,-0.20626040353878777,0.18146395084481232,1.0,-0.012398226346987729,1.0,799.0
577770,0.16291074423994836,-0.13358544429634278,1.0,0.01466264997180279,1.0,799.0
577771,0.8138946220652855,-0.06251996660454595,1.0,0.3756873277303698,1.0,799.0
577772,0.4299058730492527,-0.43806779319232636,0.0,-0.004080960071536827,1.0,799.0
577773,-0.08023728456255885,0.6487455252218762,1.0,0.2842541203296587,1.0,799.0
577774,-0.7535875432347302,0.9644938822835014,1.0,0.1054531695243856,1.0,799.0
577775,-0.08174348087500106,0.12757377712616702,1.0,0.022915148125582978,1.0,799.0
577776,-0.1965637385286967,1.2260097204709484,1.0,0.5147229909711258,1.0,799.0
577777,0.2529879037692061,0.49119685187266854,1.0,0.3720923778209373,1.0,799.0
577778,-0.4287742261495242,0.38958624763044525,1.0,-0.01959398925953948,1.0,799.0
577779,-0.24328897030348878,-0.9183204168124763,0.0,-0.5808046935579826,1.0,799.0
577780,-0.9590621135709898,1.0048877359156752,1.0,0.022912811172342673,38.0,799.0
577781,-1.1304944523284446,-0.07290332398463709,0.0,-0.6016988881565408,102.0,799.0
577782,-0.9832859871920954,-0.2577785426019312,0.0,-0.6205322648970133,102.0,799.0
577783,-0.934975308987683,-0.29683989922566956,0.0,-0.6159076041066762,96.0,799.0
577784,-0.7140365649995886,-0.24768155212087645,0.0,-0.4808590585602325,96.0,799.0
577785,-0.7780145321596109,0.2422951737592329,0.0,-0.267859679200189,96.0,799.0
577786,-1.245298013272892,0.7086984561482914,1.0,-0.26829977856230025,72.0,799.0
577787,-0.7508863571307614,-0.22329999334533646,0.0,-0.4870931752380489,72.0,799.0
577788,-0.7900335480368452,-0.10541453547441601,0.0,-0.44772404175563063,72.0,799.0
577789,-0.8200546377392176,-0.569388635649036,0.0,-0.6947216366941268,66.0,799.0
577790,-0.9447822114891792,-0.471526833917051,0.0,-0.7081545227031151,66.0,799.0
577791,-0.7779580097218147,-0.3570555534300948,0.0,-0.5675067815759548,66.0,799.0
577792,-0.87506177492265,0.02182006370350009,0.0,-0.42662085560957497,66.0,799.0
577793,-0.7523951397662183,-0.5990207281794685,0.0,-0.6757079339728433,66.0,799.0
577794,-0.8889706543782785,-0.15277738919484982,0.0,-0.5208740217865642,66.0,799.0
577795,-1.3248592637354486,0.43052814571772297,0.0,-0.4471655590088628,66.0,799.0
577796,-0.8023245450438328,-0.3865880756198143,0.0,-0.5944563103318236,54.0,799.0
577797,-0.8274990824295176,-0.7610996172782022,0.0,-0.79429934985386,54.0,799.0
577798,-0.6604888098167182,0.03895788755330483,0.0,-0.31076546113170667,48.0,799.0
577799,-0.7687991591948329,0.022349718245138647,0.0,-0.3732247204748471,48.0,799.0
577800,-1.0638915314243045,0.08947652081325776,0.0,-0.48720750530552337,42.0,799.0
577801,-1.027776502718962,-0.8283298134250419,0.0,-0.928053158072002,42.0,799.0
577802,-1.3359271565638573,0.3445119475668183,0.0,-0.49570760449851947,42.0,799.0
577803,-0.9708973781899063,0.6430132615054147,1.0,-0.1639420583422458,42.0,799.0
577804,-1.3820725660291235,1.3859802758430737,1.0,0.0019538549069750832,42.0,799.0
577805,-0.9465778672471763,-0.06864794962612544,0.0,-0.5076129084366509,36.0,799.0
577806,-0.9992597286886735,1.0005320856271451,1.0,0.0006361784692358041,36.0,799.0
577807,-1.1621057994620805,1.2241918307743707,1.0,0.03104301565614509,36.0,799.0
577808,-0.7951919256880967,0.13971728517884113,0.0,-0.32773732025462776,36.0,799.0
577809,-0.7220828139591634,-0.06301256168253465,0.0,-0.39254768782084903,30.0,799.0
577810,-1.7424163561863066,0.2766114893670422,0.0,-0.7329024334096322,30.0,799.0
577811,-1.2736272594358484,0.850078526368274,1.0,-0.21177436653378723,30.0,799.0
577812,-1.1792090819438523,0.3343614813186929,1.0,-0.4224238003125797,30.0,799.0
577813,-0.6283651261107025,-1.158297413882501,0.0,-0.8933312699966018,30.0,799.0
577814,-1.0002047103622855,0.7351917366831662,1.0,-0.13250648683955968,30.0,799.0
577815,-0.829373982330948,-0.008573322376957663,0.0,-0.4189736523539528,30.0,799.0
577816,-0.9782963934539249,-0.9730259279984869,0.0,-0.9756611607262059,30.0,799.0
577817,-1.3957206034168412,1.2982164034359174,1.0,-0.04875209999046193,24.0,799.0
577818,-1.2210224388208566,1.0343519143786561,1.0,-0.09333526222110022,24.0,799.0
577819,-1.0171047779413318,-0.6059971490467163,0.0,-0.8115509634940241,24.0,799.0
577820,-1.1182596280926866,0.7921458954416762,1.0,-0.1630568663255052,24.0,799.0
577821,-0.7489742340428318,-0.13529710629742342,0.0,-0.4421356701701276,24.0,799.0
577822,-1.1171835745734087,0.33340387256385456,0.0,-0.391889851004777,18.0,799.0
577823,-0.649745158888978,0.008993435703627078,0.0,-0.32037586159267545,18.0,799.0
577824,-0.7006398390898857,-0.5030873554072108,0.0,-0.6018635972485482,18.0,799.0
577825,-0.6234524811919031,-0.8054830149377168,0.0,-0.71446774806481,18.0,799.0
577826,-1.1102480175264835,0.9506883383549523,1.0,-0.07977983958576562,18.0,799.0
577827,-1.130172888673259,0.3142995812009121,1.0,-0.4079366537361734,18.0,799.0
577828,-0.8265883301204571,-0.029446410766488667,0.0,-0.4280173704434729,18.0,799.0
577829,-1.6387590465221697,0.45111594639619834,1.0,-0.5938215500629858,12.0,799.0
577830,-0.8149101091100664,-0.31597084601669934,0.0,-0.5654404775633829,12.0,799.0
577831,-0.6276429106886392,0.08600009379682298,0.0,-0.27082140844590813,12.0,799.0
577832,-1.2072013333010974,0.5475575109158224,1.0,-0.3298219111926375,12.0,799.0
577833,-0.6362212331114461,-0.4353313462342645,0.0,-0.5357762896728553,12.0,799.0
577834,-0.7133260230222401,-0.9871973404387907,0.0,-0.8502616817305154,6.0,799.0
577835,-1.1222345022483884,0.15011776890743897,0.0,-0.4860583666704747,6.0,799.0
577836,-1.461873310324608,0.5276036847646618,1.0,-0.4671348127799731,6.0,799.0
577837,-1.032079542795231,-0.6268884854048464,0.0,-0.8294840141000387,6.0,799.0
577838,-1.4988375042873672,-0.2772053380390494,0.0,-0.8880214211632083,6.0,799.0
577839,1.6312851416279246,-0.00019972822567271287,1.0,0.8155427067011259,0.0,799.0
577840,1.2717261149978807,-0.4397034388980699,0.0,0.4160113380499054,0.0,799.0
577841,0.26439327954265307,-0.430045436137309,0.0,-0.08282607829732797,0.0,799.0
577842,0.5050580710243894,0.4790229951927146,1.0,0.492040533108552,0.0,799.0
577843,-1.2994345752841523,0.16087720672618477,1.0,-0.5692786842789838,0.0,799.0
577844,0.8986159046448072,0.7237496952978058,1.0,0.8111827999713065,0.0,799.0
577845,1.2545903288433968,-1.174162982781277,0.0,0.04021367303105994,0.0,799.0
577846,0.37939990795491824,-0.8620599290534181,0.0,-0.24133001054924993,0.0,799.0
577847,1.391845081962492,0.4051947894030763,1.0,0.8985199356827841,0.0,799.0
577848,0.12139790036952731,0.3840128449233217,1.0,0.2527053726464245,0.0,799.0
577849,1.1191785241921686,-0.16557277718288704,0.0,0.4768028735046408,0.0,799.0
577850,0.5983978186328089,0.6094687399961746,1.0,0.6039332793144918,0.0,799.0
577851,1.1471667668844945,0.7560707057828586,1.0,0.9516187363336766,0.0,799.0
577852,0.9939131768186195,-0.13395084882742037,1.0,0.42998116399559955,0.0,799.0
577853,0.7510695385586807,0.6398885367925566,1.0,0.6954790376756187,0.0,799.0
577854,0.952351146214845,0.27887464212598,1.0,0.6156128941704124,0.0,799.0
577855,0.8629449267972851,0.09967184876570545,1.0,0.48130838778149526,0.0,799.0
577856,1.461180103100421,0.28471266016441454,0.0,0.8729463816324178,0.0,799.0
577857,0.22896637977223025,0.1605844374604276,1.0,0.19477540861632892,0.0,799.0
577858,0.7937360382191833,0.2600316391073485,1.0,0.5268838386632659,0.0,799.0
577859,-0.11965504671200188,0.6304804105842292,1.0,0.25541268193611366,0.0,799.0
577860,0.4810199916857431,-0.7699561564077717,0.0,-0.1444680823610143,0.0,799.0
577861,1.4248662012426625,0.3631324958771624,1.0,0.8939993485599125,0.0,799.0
577862,0.23643896585723193,0.4320300199166761,0.0,0.334234492886954,0.0,799.0
577863,1.351852293702323,1.1236493938234156,1.0,1.2377508437628693,0.0,799.0
577864,0.20179031464745728,-0.18792442474574989,0.0,0.006932944950853698,0.0,799.0
577865,1.8253516631247193,0.40010272611138437,1.0,1.112727194618052,0.0,799.0
577866,1.8210932064086678,-0.24881017803771166,0.0,0.7861415141854781,0.0,799.0
577867,0.7712078954012919,1.2929391530930585,1.0,1.0320735242471752,0.0,799.0
577868,-0.32575620645825376,0.2517938161454252,1.0,-0.03698119515641429,0.0,799.0
577869,0.7762995567057068,-0.35938893520796167,1.0,0.20845531074887258,0.0,799.0
577870,0.3113845695884507,0.24577394645661255,1.0,0.2785792580225316,0.0,799.0
577871,0.19660366072261237,1.0982129702031458,1.0,0.6474083154628791,0.0,799.0
577872,0.7212511478005427,0.269303130880469,1.0,0.4952771393405058,0.0,799.0
577873,0.3188791621864251,0.2583032835902015,0.0,0.2885912228883133,0.0,799.0
577874,0.33798663822455255,0.9670048559616653,1.0,0.652495747093109,0.0,799.0
577875,-0.7208869266070647,0.26578452274313014,0.0,-0.22755120193196726,0.0,799.0
577876,0.4103628743826333,-0.4160795204976643,0.0,-0.0028583230575154883,0.0,799.0
577877,0.7071533053555656,1.0132686598264837,1.0,0.8602109825910247,0.0,799.0
577878,0.5523410709983437,-0.5068507871395418,0.0,0.02274514192940097,0.0,799.0
577879,0.7884000155884563,-0.119585348753589,0.0,0.33440733341743367,0.0,799.0
577880,-0.3915608370865719,-0.4599248875034634,0.0,-0.4257428622950177,0.0,799.0
577881,1.5803584888235074,0.2902639121276215,1.0,0.9353112004755644,0.0,799.0
577882,-1.391297295810553,1.015138546473948,1.0,-0.1880793746683025,0.0,799.0
577883,-0.395942596578896,0.9463085722189735,1.0,0.2751829878200387,0.0,799.0
577884,1.4271730213128706,1.1163392484365873,1.0,1.271756134874729,0.0,799.0
577885,-0.24679331527191223,1.1259394819793898,1.0,0.4395730833537388,0.0,799.0
577886,0.563660015270672,0.7440318355534816,1.0,0.6538459254120768,0.0,799.0
577887,0.27254396543713794,0.19186381939325875,1.0,0.23220389241519834,0.0,799.0
577888,1.6684555699377295,0.017897567175555462,0.0,0.8431765685566425,0.0,799.0
577889,-0.5893354313196374,1.302818745354966,1.0,0.3567416570176643,0.0,799.0
577890,1.8770602315894058,0.43195199214118873,0.0,1.1545061118652973,0.0,799.0
577891,0.44564367081294276,0.6679169589549996,1.0,0.5567803148839712,0.0,799.0
577892,0.5804228061658089,0.06618347203783392,1.0,0.3233031391018214,0.0,799.0
577893,1.2229338142499682,1.0155379164606324,1.0,1.1192358653553003,0.0,799.0
577894,0.3124635543446592,0.3908481503202679,0.0,0.35165585233246355,0.0,799.0
577895,-0.7090828837380553,1.190670849150008,1.0,0.24079398270597635,0.0,799.0
577896,-0.25516335931877826,-0.41852243799612343,0.0,-0.3368428986574509,0.0,799.0
577897,0.8856501567617971,1.0661248116364996,1.0,0.9758874841991484,0.0,799.0
577898,0.28547872655973155,-0.5804556320413281,0.0,-0.14748845274079828,0.0,799.0
577899,0.5230710590378044,0.2969949418925457,0.0,0.41003300046517505,0.0,799.0
577900,-0.01639372693284182,1.0485994657438091,1.0,0.5161028694054837,0.0,799.0
577901,0.5903000631730143,-0.5462291533716964,0.0,0.022035454900658946,0.0,799.0
577902,0.7583122343849727,-1.3098514401415804,0.0,-0.2757696028783038,0.0,799.0
577903,1.0255292014811057,-0.5739299958854526,0.0,0.22579960279782657,0.0,799.0
577904,1.2455625901270744,-1.0358239947696657,0.0,0.10486929767870434,0.0,799.0
577905,-0.43671247656698287,0.9114331902398098,1.0,0.2373603568364135,0.0,799.0
577906,-0.061838352421230015,1.0638674589757813,1.0,0.5010145532772756,0.0,799.0
577907,0.491270216148528,-0.1694926299074479,0.0,0.16088879312054005,0.0,799.0
577908,0.35092492677415804,-0.6526241807100189,0.0,-0.15084962696793044,0.0,799.0
577909,0.3859418509543218,0.06614352947904634,0.0,0.22604269021668408,0.0,799.0
577910,0.2871543397209425,-0.6530406751956536,0.0,-0.18294316773735553,0.0,799.0
577911,1.0991336507481668,0.8940208415991336,1.0,0.9965772461736502,0.0,799.0
577912,0.7221477452907805,0.04855540958109056,1.0,0.3853515774359355,0.0,799.0
577913,1.4344944061272935,0.4079933593454942,1.0,0.9212438827363938,0.0,799.0
577914,-0.20169330792260518,1.0463989118509267,1.0,0.42235280196416075,0.0,799.0
577915,0.018298547384824105,-0.8106593432053457,0.0,-0.39618039791026083,0.0,799.0
577916,0.8705664482788011,-0.559778267006383,0.0,0.15539409063620907,0.0,799.0
577917,0.08202962563353933,0.7784026106498527,1.0,0.430216118141696,0.0,799.0
577918,-0.14303644265443882,1.361349282838638,1.0,0.6091564200920996,0.0,799.0
577919,-0.3622461140154754,-0.45247973497254834,0.0,-0.4073629244940119,0.0,799.0
577920,0.6349318643247904,0.3884436026940774,1.0,0.5116877335094339,0.0,799.0
577921,0.06228740751796882,-0.20940564114210658,1.0,-0.07355911681206888,0.0,799.0
577922,0.19434345131929695,-0.3624189112352493,0.0,-0.08403772995797616,0.0,799.0
577923,0.09420463406467373,0.8165518338633138,1.0,0.45537823396399374,0.0,799.0
577924,0.08956498238535075,-0.4201581537610243,0.0,-0.16529658568783676,0.0,799.0
577925,1.0483078426985502,-0.44429716549067516,0.0,0.3020053386039375,0.0,799.0
577926,1.0359209806321803,0.8242297403213105,1.0,0.9300753604767453,0.0,799.0
577927,0.039182309427813956,1.255798485928805,1.0,0.6474903976783094,0.0,799.0
577928,-0.03779651866477857,1.0674156218326327,1.0,0.514809551583927,0.0,799.0
577929,-0.36386986490777223,-0.4370045592027675,0.0,-0.40043721205526983,0.0,799.0
577930,0.8218644030373848,-0.3475256271336232,0.0,0.2371693879518808,0.0,799.0
577931,1.4630082814491392,0.4132734397277203,1.0,0.9381408605884297,0.0,799.0
577932,0.3694048007162673,0.808776140527238,1.0,0.5890904706217527,0.0,799.0
577933,1.1534949167307225,0.3925623920883658,1.0,0.7730286544095442,0.0,799.0
577934,0.43627331212044845,-0.3226493461710865,0.0,0.056811982974680986,0.0,799.0
577935,1.0251625930321164,1.0270608176828833,1.0,1.0261117053574997,0.0,799.0
577936,0.37030262026448685,0.2022497887495685,1.0,0.2862762045070277,0.0,799.0
577937,-0.20171749474906928,-0.34120113499613736,0.0,-0.27145931487260333,0.0,799.0
577938,1.0692550625894979,0.8872007578343934,1.0,0.9782279102119457,0.0,799.0
577939,-0.23030022871699715,1.1919685756706506,1.0,0.4808341734768267,0.0,799.0
577940,1.0170584728001315,0.33309728042676023,1.0,0.6750778766134459,0.0,799.0
577941,0.5561862107416339,-0.38103568782215425,0.0,0.08757526145973982,0.0,799.0
577942,-0.1842730175419932,0.21077436238556424,0.0,0.013250672421785514,0.0,799.0
577943,1.3505918289527399,1.2943179677177674,1.0,1.3224548983352538,0.0,799.0
577944,0.10531071328021459,-0.290332519886906,1.0,-0.09251090330334572,0.0,799.0
577945,1.5350853838615013,-0.3811952827613277,0.0,0.5769450505500868,0.0,799.0
577946,0.7413781090369354,-0.09998466162278485,1.0,0.32069672370707525,0.0,799.0
577947,1.2583510067378856,0.7281401301755603,1.0,0.993245568456723,0.0,799.0
577948,0.28262633776367435,0.46561980953587795,1.0,0.37412307364977615,0.0,799.0
577949,0.8439012053511361,0.36860156641586284,1.0,0.6062513858834995,0.0,799.0
577950,0.20815303156279102,1.0126644579494548,1.0,0.610408744756123,0.0,799.0
577951,0.4714369648930699,-0.2874060571306091,0.0,0.09201545388123039,0.0,799.0
577952,1.5228529204196346,0.44719322876324547,1.0,0.98502307459144,0.0,799.0
577953,1.6415698495631268,-0.11719649122145803,1.0,0.7621866791708344,0.0,799.0
577954,0.4104134818977049,-1.1034201983874854,0.0,-0.34650335824489026,0.0,799.0
577955,-0.753597957748543,1.3657373149704215,1.0,0.30606967861093926,0.0,799.0
577956,1.6850023818929274,-0.2343887925474153,1.0,0.725306794672756,0.0,799.0
577957,0.027629797402680865,-0.6756216775406305,0.0,-0.3239959400689748,0.0,799.0
577958,1.3789376801660662,-0.3692322703720713,0.0,0.5048527048969975,0.0,799.0
577959,-0.045259271677118296,0.5357157038519811,1.0,0.2452282160874314,0.0,799.0
577960,0.36140852656666594,0.6154461633552534,1.0,0.48842734496095963,0.0,799.0
577961,-0.179622709259121,0.44598164447010413,1.0,0.13317946760549157,0.0,799.0
577962,1.9303646036011393,-0.1795375740042522,0.0,0.8754135147984435,0.0,799.0
577963,0.2861403136342243,0.034657331102316835,0.0,0.16039882236827058,0.0,799.0
577964,0.8659559545830234,0.9486286040035865,1.0,0.9072922792933049,0.0,799.0
577965,1.4541997614101554,0.23184616709113515,0.0,0.8430229642506453,0.0,799.0
577966,1.5552998681562669,0.5207536248808327,1.0,1.0380267465185498,0.0,799.0
577967,-0.49459358068197534,0.22759415498211988,0.0,-0.13349971284992773,0.0,799.0
577968,1.2353444008038044,0.2074119409843459,1.0,0.7213781708940752,0.0,799.0
577969,0.797184809030955,-1.0948905935680737,0.0,-0.14885289226855936,0.0,799.0
577970,0.842457044755124,1.0569187118765495,1.0,0.9496878783158367,0.0,799.0
577971,1.0632701330089573,0.3469950887672617,1.0,0.7051326108881095,0.0,799.0
577972,-1.0893096113612766,0.18380214494763863,1.0,-0.452753733206819,0.0,799.0
577973,1.2037806610021184,-0.5375515560390473,0.0,0.3331145524815356,0.0,799.0
577974,0.1771335534197189,-0.05692575941941386,0.0,0.06010389700015252,0.0,799.0
577975,-0.5179627287271521,-0.5475582237665909,0.0,-0.5327604762468715,0.0,799.0
577976,0.8738193843596704,0.4384099890483808,1.0,0.6561146867040256,0.0,799.0
577977,-0.9382647403686675,1.3960120213236304,1.0,0.2288736404774815,0.0,799.0
577978,0.9805027791608224,0.14550123192580983,1.0,0.5630020055433161,0.0,799.0
577979,-0.9403292622302446,0.2379735773991919,0.0,-0.35117784241552635,0.0,799.0
577980,0.4711057610477893,1.28236080992049,1.0,0.8767332854841396,0.0,799.0
577981,-0.24497354031435825,0.8278691995217973,1.0,0.2914478296037195,0.0,799.0
577982,0.18370537063471173,-0.4116417172860567,0.0,-0.11396817332567248,0.0,799.0
577983,0.4569402475909459,-0.04530500241173363,1.0,0.20581762258960615,0.0,799.0
577984,1.040453543461809,-0.6098339957691307,0.0,0.21530977384633915,0.0,799.0
577985,1.511923474375821,-0.6480328715959593,0.0,0.4319453013899308,0.0,799.0
577986,0.3225974595425282,0.33181560477004735,1.0,0.3272065321562878,0.0,799.0
577987,0.11102438608108993,0.9330780953505422,1.0,0.5220512407158161,0.0,799.0
577988,1.1173757736491825,-0.6926547037957617,0.0,0.21236053492671042,0.0,799.0
577989,0.6592676756662775,0.8096288280548527,1.0,0.7344482518605651,0.0,799.0
577990,0.11979510077483449,-1.0189127820412764,0.0,-0.449558840633221,0.0,799.0
577991,0.44168393579120147,0.33699568309503775,1.0,0.38933980944311963,0.0,799.0
577992,0.6414326411999274,-0.5519297833609978,0.0,0.044751428919464764,0.0,799.0
577993,1.2919409999073963,-0.695449977217016,0.0,0.2982455113451902,0.0,799.0
577994,0.9722233796854816,-0.5347301689837161,0.0,0.21874660535088275,0.0,799.0
577995,0.8825824482522906,0.04521033940059194,1.0,0.46389639382644127,0.0,799.0
577996,0.913482005645422,0.6032182052009218,1.0,0.7583501054231719,0.0,799.0
577997,1.750177476895399,-0.7034088428892435,0.0,0.5233843170030777,0.0,799.0
577998,0.8835348213871473,0.6595243811103361,1.0,0.7715296012487417,0.0,799.0
577999,0.7379226429852803,0.5848601710815892,1.0,0.6613914070334348,0.0,799.0
578000,0.3815190455241745,0.23053538822166403,1.0,0.3060272168729192,0.0,799.0
578001,0.7388811862653915,-0.31502013495200487,0.0,0.2119305256566933,0.0,799.0
578002,1.0863465089533915,-0.020093311435202765,0.0,0.5331265987590943,0.0,799.0
578003,1.0952726166916047,-0.012906212443724141,1.0,0.5411832021239402,0.0,799.0
578004,0.15578841256699452,0.0338557479871745,0.0,0.09482208027708451,0.0,799.0
578005,0.4933335321297141,0.42083588859451265,1.0,0.4570847103621134,0.0,799.0
578006,1.23316513572107,0.6157499258113933,1.0,0.9244575307662317,0.0,799.0
578007,0.3717940860316741,-0.700857823041891,0.0,-0.16453186850510848,0.0,799.0
578008,0.7696793340585042,0.9094576691741014,1.0,0.8395685016163028,0.0,799.0
578009,1.4450492125417729,0.0994060683419582,0.0,0.7722276404418655,0.0,799.0
578010,1.15364450461281,1.052468893908617,1.0,1.1030566992607136,0.0,799.0
578011,0.663417384974346,0.6973583754432713,1.0,0.6803878802088086,0.0,799.0
578012,0.7123192387352578,-0.9888100979106912,0.0,-0.13824542958771668,0.0,799.0
578013,0.11767228059616318,0.49032606600503076,1.0,0.30399917330059695,0.0,799.0
578014,1.2999848069203175,1.0462546493717677,1.0,1.1731197281460426,0.0,799.0
578015,0.42211553382280304,0.1940353156345745,1.0,0.30807542472868876,0.0,799.0
578016,0.6840649249453785,0.6519949033702351,1.0,0.6680299141578068,0.0,799.0
578017,0.8093524215000962,0.8662872261050137,1.0,0.8378198238025549,0.0,799.0
578018,0.9606168084499396,0.717663453597293,1.0,0.8391401310236163,0.0,799.0
578019,0.9268159420397217,0.7921779819498609,1.0,0.8594969619947913,0.0,799.0
578020,-0.7322991334237433,0.28041779302555014,0.0,-0.22594067019909658,0.0,799.0
578021,1.0581749497834592,0.07722784437032892,0.0,0.567701397076894,0.0,799.0
578022,0.2695113119873054,0.490977008310327,1.0,0.3802441601488162,0.0,799.0
578023,0.8306998205367253,-0.4259571890764034,0.0,0.20237131573016096,0.0,799.0
578024,1.3611486170287728,-0.5043100507753625,0.0,0.42841928312670513,0.0,799.0
578025,0.33593197389291163,0.12081373374660376,0.0,0.2283728538197577,0.0,799.0
578026,1.417783315798748,-1.0574137621216124,0.0,0.18018477683856782,0.0,799.0
578027,1.5399702479687976,-0.898055801063816,0.0,0.3209572234524908,0.0,799.0
578028,0.2126307212140564,-0.06685685930710389,0.0,0.07288693095347626,0.0,799.0
578029,-0.00971707312224806,-0.6837802610644903,0.0,-0.34674866709336916,0.0,799.0
578030,1.2918039988079784,1.2208524091972257,1.0,1.256328204002602,0.0,799.0
578031,0.014759686668490746,0.18353516841965367,1.0,0.09914742754407221,0.0,799.0
578032,0.6743031995233155,0.5837556141630351,1.0,0.6290294068431753,0.0,799.0
578033,1.2160318389078766,-0.5357195817776069,0.0,0.34015612856513483,0.0,799.0
578034,0.29722613500279843,-0.02473862232354851,0.0,0.13624375633962496,0.0,799.0
578035,0.5952997355874584,0.8837714863633159,1.0,0.7395356109753872,0.0,799.0
578036,1.1467734335705377,-1.454756861870071,0.0,-0.15399171414976665,0.0,799.0
578037,1.937138223735829,0.692963318629553,1.0,1.3150507711826909,0.0,799.0
578038,-0.24517535824739617,0.8257921555254462,1.0,0.290308398639025,0.0,799.0
578039,-0.6684319140989606,-0.15540096075490123,0.0,-0.41191643742693096,0.0,799.0
578040,1.5515986839951252,0.4287578415139145,1.0,0.9901782627545199,0.0,799.0
578041,-0.01811077127424713,0.3160115966407355,0.0,0.1489504126832442,0.0,799.0
578042,0.12247526225486259,-0.36853081215425676,1.0,-0.12302777494969708,0.0,799.0
578043,0.9501632475324864,1.0479510148177615,1.0,0.999057131175124,0.0,799.0
578044,0.2775719311834476,-0.4434805537025856,0.0,-0.08295431125956901,0.0,799.0
578045,0.6541398312406799,0.5335626770060955,1.0,0.5938512541233877,0.0,799.0
578046,0.15289917297028427,0.005576737740234927,0.0,0.0792379553552596,0.0,799.0
578047,0.8228234969086637,-0.8609939376141531,0.0,-0.01908522035274468,0.0,799.0
578048,-0.8053568220673003,1.3442026801560818,1.0,0.26942292904439075,0.0,799.0
578049,-0.07618665064787966,0.6306296870333861,1.0,0.2772215181927532,0.0,799.0
578050,0.9705768229449053,-0.014773990863556685,0.0,0.4779014160406743,0.0,799.0
578051,1.3013198513499167,0.7505101385723786,1.0,1.0259149949611477,0.0,799.0
578052,0.9784684763310343,-0.2993412274204801,0.0,0.3395636244552771,0.0,799.0
578053,0.6124386654980996,-0.26242838342903463,0.0,0.17500514103453246,0.0,799.0
578054,1.6990487674197623,0.9454192690076997,1.0,1.3222340182137309,0.0,799.0
578055,1.1444473071555783,0.5720540091189985,1.0,0.8582506581372884,0.0,799.0
578056,0.7435623156282168,0.5523045942548555,1.0,0.6479334549415361,0.0,799.0
578057,0.17527930998115684,-0.2583262011115184,1.0,-0.04152344556518077,0.0,799.0
578058,0.7696427413353614,0.14153689978408918,1.0,0.4555898205597253,0.0,799.0
578059,-0.37815422042628594,0.7898574222067707,1.0,0.20585160089024238,0.0,799.0
578060,0.2360218788845449,0.07661412468358964,0.0,0.15631800178406727,0.0,799.0
578061,1.6932091788786063,-0.23582436319310796,0.0,0.7286924078427492,0.0,799.0
578062,1.448724203103,0.04271897433604632,0.0,0.7457215887195232,0.0,799.0
578063,-0.08004487533154052,-0.6260406123866655,0.0,-0.353042743859103,0.0,799.0
578064,0.6935088946348503,0.996538013984601,1.0,0.8450234543097257,0.0,799.0
578065,0.447946905495962,0.6569646031068831,1.0,0.5524557543014226,0.0,799.0
578066,0.23767758429698763,-0.40614503049568274,0.0,-0.08423372309934755,0.0,799.0
578067,-0.12008569664199906,0.15413419987123067,0.0,0.017024251614615807,0.0,799.0
578068,-1.0189916859883668,1.41749374213266,1.0,0.19925102807214667,0.0,799.0
578069,0.08562974654388379,0.4487714539711055,1.0,0.26720060025749465,0.0,799.0
578070,1.329214572996579,0.27397692140566465,1.0,0.8015957472011218,0.0,799.0
578071,0.25667707639945353,-0.291982446063289,0.0,-0.01765268483191773,0.0,799.0
578072,1.9587416457755409,-0.6782895175720759,0.0,0.6402260641017326,0.0,799.0
578073,0.9415044861805185,-0.9064961816661284,0.0,0.017504152257195038,0.0,799.0
578074,1.9411427202524207,-1.1483191785308344,0.0,0.39641177086079316,0.0,799.0
578075,-0.4310584676729673,0.5615708676538307,1.0,0.0652561999904317,0.0,799.0
578076,0.9963425353432629,0.055239055215377086,1.0,0.5257907952793199,0.0,799.0
578077,0.23402576146917128,1.0627730713514267,1.0,0.648399416410299,0.0,799.0
578078,1.5202449018544713,-1.1838876821897466,0.0,0.16817860983236232,0.0,799.0
578079,1.2531937002274398,-0.015530243621926287,0.0,0.6188317283027568,0.0,799.0
578080,0.9113163588404856,-1.2937082570750054,0.0,-0.1911959491172599,0.0,799.0
578081,1.526005511505651,0.6047761789649324,1.0,1.0653908452352918,0.0,799.0
578082,0.32755614153344115,0.8760185618024705,1.0,0.6017873516679558,0.0,799.0
578083,1.2730866335808668,-0.2562840923571811,1.0,0.5084012706118428,0.0,799.0
578084,0.004286897667755522,0.50705047607444,1.0,0.25566868687109773,0.0,799.0
578085,0.510428432121216,1.4294152000869658,1.0,0.9699218161040909,0.0,799.0
578086,1.5428220604826446,-0.31237411073638377,1.0,0.6152239748731304,0.0,799.0
578087,0.5393924042819276,-0.7882444959539455,0.0,-0.12442604583600897,0.0,799.0
578088,-0.1746825924827949,1.175616306062375,1.0,0.5004668567897901,0.0,799.0
578089,-0.9879253932443699,0.6953891621027724,1.0,-0.14626811557079877,0.0,799.0
578090,-0.19717556696658542,-0.9246265283023993,0.0,-0.5609010476344923,0.0,799.0
578091,0.09358264620772799,0.09829238898138432,1.0,0.09593751759455615,0.0,799.0
578092,0.33253637855702317,0.29826518458822926,1.0,0.3154007815726262,0.0,799.0
578093,0.9964068252872749,-1.063156937133337,0.0,-0.03337505592303103,0.0,799.0
578094,-0.05728845884732228,1.0233862052452456,1.0,0.48304887319896167,0.0,799.0
578095,1.156896389972991,-0.5607339931561377,0.0,0.2980811984084266,0.0,799.0
578096,1.5051599383236678,-0.6024842357795077,0.0,0.45133785127208004,0.0,799.0
578097,1.8638323353105801,-0.6839243435295954,0.0,0.5899539958904924,0.0,799.0
578098,0.4000878765956259,0.1883559271693218,1.0,0.2942219018824739,0.0,799.0
578099,0.5295622382706238,0.43033767647300997,1.0,0.4799499573718169,0.0,799.0
578100,0.7585875349918456,-0.1833977085943172,0.0,0.2875949131987642,0.0,799.0
578101,-0.30398008609041893,0.7208676430650703,1.0,0.2084437784873257,0.0,799.0
578102,1.2994472638951715,-1.3593818947369538,0.0,-0.02996731542089115,0.0,799.0
578103,1.4241276363136233,-0.5750479226405465,0.0,0.4245398568365384,0.0,799.0
578104,0.06052015994516637,-0.5706911160499633,0.0,-0.25508547805239845,0.0,799.0
578105,1.3362873047399768,0.2336287301212091,1.0,0.784958017430593,0.0,799.0
578106,1.7266115150347061,0.30559503271134625,1.0,1.0161032738730262,0.0,799.0
578107,0.07100908720683083,-0.43796918858065487,0.0,-0.18348005068691203,0.0,799.0
578108,0.833643101124141,-0.27935615259172175,0.0,0.2771434742662096,0.0,799.0
578109,1.0672705810700638,0.29010577084242584,1.0,0.6786881759562449,0.0,799.0
578110,-0.6003159094422258,-0.16169909956356565,1.0,-0.3810075045028957,0.0,799.0
578111,0.4244142634901205,0.75031192676545,1.0,0.5873630951277853,0.0,799.0
578112,1.5257406319106244,-0.5790314919843974,0.0,0.4733545699631135,0.0,799.0
578113,-0.4972341227765744,1.1064537054751429,1.0,0.30460979134928423,0.0,799.0
578114,1.3679957289504343,-0.7325595041607844,0.0,0.31771811239482495,0.0,799.0
578115,1.4138612087297333,-1.0755900185585174,0.0,0.16913559508560794,0.0,799.0
578116,0.15520619455774634,-0.47916047440789145,0.0,-0.16197713992507257,0.0,799.0
578117,0.7800679031255511,-0.18601100995879022,0.0,0.29702844658338046,0.0,799.0
578118,1.2169559879622298,-0.20874156085181705,0.0,0.5041072135552064,0.0,799.0
578119,0.6308194032297134,0.9251790494935728,1.0,0.7779992263616431,0.0,799.0
578120,1.4975708817370281,1.1982931696527643,1.0,1.3479320256948961,0.0,799.0
578121,0.060335623780523887,1.4631560036665654,1.0,0.7617458137235447,0.0,799.0
578122,0.5539996789770358,-0.16061688465478974,1.0,0.19669139716112305,0.0,799.0
578123,0.42040295708817066,-0.9361331780490941,0.0,-0.25786511048046173,0.0,799.0
578124,1.4009458316306935,-0.2312089667920465,0.0,0.5848684324193235,0.0,799.0
578125,0.964073209924613,-0.9012034669877323,0.0,0.03143487146844032,0.0,799.0
578126,0.5520862505340255,-0.05997546016973787,1.0,0.2460553951821438,0.0,799.0
578127,0.2479320193827011,-0.508083719162795,0.0,-0.13007584989004697,0.0,799.0
578128,1.9959070970885868,1.2820147989542687,1.0,1.6389609480214278,0.0,799.0
578129,0.11028401428800834,-0.3809234222324029,0.0,-0.13531970397219728,0.0,799.0
578130,0.052367740668246086,0.6097974410872783,1.0,0.3310825908777622,0.0,799.0
578131,0.9847329923303982,0.7353114896309979,1.0,0.8600222409806981,0.0,799.0
578132,1.153538963807252,-0.3324884175452148,0.0,0.4105252731310186,0.0,799.0
578133,-0.011832046852170089,1.15100761502353,1.0,0.56958778408568,0.0,799.0
578134,-0.024882500961019093,-0.413551397650681,0.0,-0.21921694930585003,0.0,799.0
578135,0.6805877635831545,1.4162800785653116,1.0,1.048433921074233,0.0,799.0
578136,-0.5165144837441217,-0.061638492340132744,0.0,-0.2890764880421272,0.0,799.0
578137,0.21307282392111285,1.1065281046998963,1.0,0.6598004643105045,0.0,799.0
578138,0.918732182318944,0.058343832761723224,1.0,0.4885380075403336,0.0,799.0
